trip_id;start_time;origin;destination;duration_min;distance_km;user_type;vehicle_type;cost_eur;status;data_quality
T000001;2026-09-14T19:04:00;S02;S08;9;1.65;subscriber;scooter;1.98;completed;ok
T000002;2026-09-14T11:58:00;S07;S03;19;3.45;subscriber;bike;2.09;completed;ok
T000003;2026-09-14T19:11:00;S06;S05;11;2.03;subscriber;bike;1.21;completed;ok
T000004;2026-09-14T09:40:00;S05;S02;11;1.67;student;bike;1.21;completed;ok
T000005;2026-09-14T17:08:00;S01;S06;11;1.85;casual;bike;1.21;completed;ok
T000006;2026-09-14T15:34:00;S02;S06;7;1.11;student;bike;0.77;completed;ok
T000007;2026-09-14T15:18:00;S02;S05;10;1.44;student;bike;1.10;completed;ok
T000008;2026-09-14T13:37:00;S07;S02;7;1.46;subscriber;ebike;1.19;completed;ok
T000009;2026-09-14T09:10:00;S08;S07;8;1.22;subscriber;bike;0.88;completed;ok
T000010;2026-09-14T13:35:00;S06;S04;11;1.99;subscriber;ebike;1.87;completed;ok
T000011;2026-09-14T07:26:00;S01;S04;6;0.59;subscriber;bike;0.66;completed;ok
T000012;2026-09-14T07:24:00;S02;S01;7;0.75;subscriber;bike;0.77;completed;ok
T000013;2026-09-14T15:53:00;S03;S05;21;3.94;subscriber;bike;2.31;completed;ok
T000014;2026-09-14T20:09:00;S08;S01;8;1.21;casual;bike;0.88;completed;ok
T000015;2026-09-14T17:30:00;S02;S07;7;1.53;casual;scooter;1.54;completed;ok
T000016;2026-09-14T18:46:00;S07;S08;7;1.23;subscriber;scooter;1.54;completed;ok
T000017;2026-09-14T22:50:00;S04;S08;5;0.74;subscriber;bike;0.55;completed;ok
T000018;2026-09-14T20:19:00;S02;S04;8;1.05;subscriber;bike;0.88;completed;ok
T000019;2026-09-14T08:29:00;S02;S08;10;1.54;casual;bike;1.10;completed;ok
T000020;2026-09-14T07:07:00;S05;S02;11;1.61;student;bike;1.21;completed;ok
